,Generator Score,Discriminator Score
Reconstruction Score All,0.7208747303497098,0.7208747303497098
Reconstruction Score Structural,0.9255423019009975,0.9255423019009975
Reconstruction Score Attribute,0.5019596233011898,0.5019596233011898
Mean Diff Score All,0.5607313219700423,0.45218910460912104
Mean Diff Score Structural,0.5662055335968379,0.40992612460003763
Mean Diff Score Attribute,0.5492443466982462,0.49762025601985
Mean Diff Score All Reverse,0.4392686780299578,0.547810895390879
Mean Diff Score Structural Reverse,0.43379446640316205,0.5900738753999624
Mean Diff Score Attribute Reverse,0.45075565330175377,0.50237974398015
