,Generator Score,Discriminator Score
Reconstruction Score All,0.7190137635584724,0.7190137635584724
Reconstruction Score Structural,0.9233807406361754,0.9233807406361754
Reconstruction Score Attribute,0.5005780183838042,0.5005780183838042
Mean Diff Score All,0.5177756509585878,0.46581593899067236
Mean Diff Score Structural,0.5036908290984378,0.3781349990589121
Mean Diff Score Attribute,0.5294535611571646,0.5533919810522754
Mean Diff Score All Reverse,0.4822243490414122,0.5341840610093276
Mean Diff Score Structural Reverse,0.4963091709015622,0.6218650009410879
Mean Diff Score Attribute Reverse,0.47054643884283537,0.44660801894772456
